,Date,Close USDIDR,BI Rate,Inflasi,Close CTRA,Close INDF,Close ASII,Close BSDE,Close ICBP,Close KLBF,Close ITMG,Close JPFA,Close TLKM,Close ULTJ,Close ACES,Close TSPC,Close SMAR,Close SMSM,Close JRPT,Close DUTI,Close EPMT,Close SMCB,Close PWON,Close JSMR
0,Jan 2009,11111.045454545454,8.75,9.17,122.2503866898386,1027.7894736842106,1272.3684210526317,82.51163603130139,517.1052631578947,88.73684210526316,10765.78947368421,84.0,1332.6315789473683,185.26315789473685,68.63157894736842,400.0,1744.2105263157894,137.5,100.0,900.0,345.62780922337583,617.3684210526316,64.55294779727333,965.6332140470806
1,Feb 2009,11827.55,8.25,8.6,149.68880920410157,939.0,1139.5,77.68990859985351,471.5,125.85,9787.5,83.5,1270.5,177.0,63.5,451.25,1624.0,87.875,101.0,900.0,352.78723907470703,550.0,45.78313026428223,940.7966552734376
2,Mar 2009,11833.545454545454,7.75,7.92,164.55937271118165,892.0,1302.75,79.22142906188965,448.25,125.5,9795.0,87.3,1353.0,181.5,65.45,442.25,1624.5,86.875,97.7,861.0,341.1840194702148,533.5,46.98794937133789,887.4216522216797
3,Apr 2009,11047.136363636364,7.5,7.31,207.5733985900879,1076.4,1549.5,127.85884017944336,540.25,143.8,13262.5,97.6,1479.0,182.375,75.2,516.75,1886.5,71.4375,98.4,832.5,472.7694717407227,637.5,56.02409572601319,1049.5419677734376
4,May 2009,10338.0,7.25,6.04,268.1500164213635,1605.3809523809523,1948.809523809524,212.1588178362165,806.1904761904761,173.52380952380952,17826.190476190477,107.85714285714286,1492.3809523809523,160.35714285714286,86.52380952380952,654.7619047619048,3282.1428571428573,113.63095238095238,114.1904761904762,802.3809523809524,567.1117524646577,915.2380952380952,51.57773880731492,1349.6961553664437
5,Jun 2009,10179.522727272728,7.0,3.65,338.3025179776278,1843.4545454545453,2323.181818181818,394.4828075062145,925.681818181818,194.3636363636364,21238.636363636364,125.27272727272728,1516.8181818181818,153.0681818181818,93.22727272727272,641.8181818181819,3382.954545454545,136.64772727272728,125.0909090909091,818.1818181818181,757.2391079989346,1062.7272727272727,71.57721744884144,1604.87773548473
6,Jul 2009,10081.063051970108,6.75,2.71,370.6152556046196,1976.217391304348,2596.7391304347825,530.685314676036,990.6521739130436,214.95652173913044,20789.130434782608,138.6086956521739,1670.8695652173913,151.6304347826087,96.21739130434784,640.8695652173913,3146.7391304347825,140.8695652173913,134.08695652173913,890.4347826086956,843.2459849481997,1275.2173913043478,65.74122420601223,1625.7576851222825
7,Aug 2009,9951.561941964286,6.5,2.75,385.4056671142578,2466.85,2997.75,537.8889175415039,1237.5,264.1,24802.5,167.9,1728.0,154.75,106.75,672.0,3381.25,166.75,143.0,890.0,827.0379669189454,1335.5,89.33734931945801,1770.3538330078125
8,Sep 2009,9821.072709517046,6.5,2.83,365.687493218316,2731.222222222222,3109.1666666666665,601.2639838324653,1371.5277777777778,242.66666666666663,23925.0,168.66666666666666,1691.111111111111,153.88888888888889,117.44444444444444,648.8888888888889,3381.9444444444443,165.55555555555554,148.55555555555554,730.5555555555555,785.6174926757812,1303.3333333333333,115.8634541829427,1806.8794080946184
9,Oct 2009,9458.431862571022,6.5,2.57,341.65426219593394,3083.090909090909,3303.6363636363635,636.2353737571023,1548.2954545454545,259.45454545454544,23606.81818181818,179.72727272727272,1718.1818181818182,149.54545454545453,133.0909090909091,698.1818181818181,3251.1363636363635,171.25,156.0,690.0,791.3530106977983,1572.2727272727273,118.51040441339666,1820.7358287464488
10,Nov 2009,9431.404715401786,6.5,2.41,280.20565567016604,3114.0,3212.25,737.9149017333984,1563.75,256.7,25500.0,249.8,1757.0,147.375,152.9,696.0,2843.75,172.5,153.8,680.0,789.0189025878906,1601.5,119.33734817504885,1843.682098388672
11,Dec 2009,9518.732634171196,6.5,2.78,255.1087413587068,3325.157894736842,3373.684210526316,792.3852828176398,1673.6842105263158,258.0,30084.21052631579,276.5263157894737,1894.7368421052631,148.68421052631578,152.78947368421052,712.1052631578947,2685.5263157894738,179.47368421052633,152.8421052631579,680.0,798.841996042352,1535.2631578947369,122.76474079332854,1865.630679481908
12,Jan 2010,9254.90476190476,6.5,3.72,315.108464050293,3704.0,3512.75,798.2475677490235,1856.25,277.7,32685.0,271.8,1880.0,145.625,148.85,703.0,3042.5,214.0,155.8,591.5,793.9564331054687,1647.0,123.13252830505373,1833.7054443359373
13,Feb 2010,9353.15,6.5,3.81,339.1963179738898,3670.947368421053,3547.368421052632,773.8213854337994,1843.421052631579,312.2105263157895,30736.84210526316,248.21052631578948,1754.7368421052631,140.6578947368421,140.68421052631578,688.9473684210526,3006.5789473684213,243.2894736842105,149.57894736842104,666.3157894736842,883.5597919664884,1676.3157894736842,131.7691819040399,1744.860904091283
14,Mar 2010,9144.617484714674,6.5,3.43,374.7247841574929,3878.590909090909,3979.5454545454554,567.0426635742188,1947.7272727272727,344.6363636363636,34893.181818181816,258.90909090909093,1663.6363636363635,156.70454545454547,151.6818181818182,710.4545454545455,3072.7272727272725,299.77272727272725,151.8181818181818,681.3636363636364,963.2691816850142,1988.409090909091,147.316538030451,1768.1317693536932
15,Apr 2010,9029.45458984375,6.5,3.91,442.4299781436012,3807.142857142857,4489.523809523809,706.7540748232886,1913.095238095238,400.95238095238096,38740.47619047619,289.1428571428572,1600.0,156.9047619047619,167.42857142857142,831.9047619047619,3472.619047619048,331.1904761904762,158.57142857142858,727.1428571428571,1074.5027727399554,2303.5714285714284,147.6764155796596,1975.8487258184523
16,May 2010,9194.44763764881,6.5,4.16,375.15992174650495,3575.2631578947367,4139.736842105263,651.6904810855264,1801.3157894736842,377.9473684210527,35147.36842105263,287.3684210526316,1522.6315789473683,186.57894736842104,171.89473684210526,846.8421052631579,3509.2105263157896,265.5263157894737,164.94736842105263,717.3684210526316,1044.6795365182977,2130.7894736842104,143.43690169484992,1933.629343133224
17,Jun 2010,9147.522682883522,6.5,5.05,360.4240153919567,3842.5,4576.136363636364,660.7059659090909,1931.8181818181815,396.3181818181818,36627.27272727273,296.27272727272725,1575.909090909091,178.63636363636363,176.8181818181818,962.2727272727273,3270.454545454545,275.79545454545456,158.0909090909091,799.0909090909091,1036.8834228515625,2167.0454545454545,165.16977275501597,2041.1287564364347
18,Jul 2010,9019.345392400568,6.5,6.22,354.3908802379261,4401.409090909091,4892.045454545455,706.2718894264915,2210.2272727272725,461.3636363636364,37993.181818181816,358.6818181818182,1598.6363636363635,170.22727272727272,185.13636363636363,1170.909090909091,3353.409090909091,237.95454545454547,160.8181818181818,887.7272727272727,1009.0536582253196,2294.318181818182,176.77984411066228,2223.202325994318
19,Aug 2010,8919.81582919034,6.5,6.44,351.13489932105654,4315.761904761905,4825.714285714285,769.5177205403646,2167.2619047619046,468.0952380952381,39152.38095238096,476.1904761904762,1711.428571428571,177.14285714285714,182.1904761904762,1330.0,3519.0476190476197,217.8571428571429,183.33333333333331,1572.3809523809523,987.5080130440848,2303.5714285714284,173.26448713030135,2753.07611374628
20,Sep 2010,8972.595569957386,6.5,5.8,349.0280923282399,5111.64705882353,5450.588235294118,800.9775641946231,2575.0,505.5882352941176,39208.82352941176,711.1764705882352,1814.1176470588236,291.47058823529414,198.2058823529412,1653.529411764706,4025.0,247.05882352941177,169.76470588235293,1591.764705882353,977.6329417509191,2350.0,209.21332235897285,3100.092529296875
21,Oct 2010,8910.12853422619,6.5,5.67,418.3187096005394,5161.190476190476,5728.333333333333,901.6749936058408,2772.619047619048,524.2857142857143,45019.04761904762,666.6666666666666,1836.190476190476,408.3333333333333,223.2142857142857,1680.4761904761904,5745.238095238095,275.23809523809524,231.42857142857144,1983.095238095238,1026.06785656157,2408.333333333333,233.7349395751953,3526.265311104911
22,Nov 2010,8888.438698508522,6.5,6.33,372.4370872860863,4965.476190476191,5566.428571428572,842.2798258463541,2628.5714285714284,624.2857142857143,50102.38095238096,702.8571428571429,1642.857142857143,388.8095238095238,258.0952380952381,1730.952380952381,5126.190476190476,259.6428571428572,237.14285714285717,2096.428571428572,1112.1221691313244,2379.7619047619046,221.22776939755397,3526.265311104911
23,Dec 2010,9000.713145380434,6.5,6.96,350.01127166748046,4716.25,5290.5,910.5,2348.75,677.5,50520.0,655.75,1590.0,326.875,265.5,1654.5,5008.75,271.875,250.7,2081.25,1186.49091796875,2327.5,219.0361427307129,3409.5149169921874
24,Jan 2011,8989.61193266369,6.5,7.02,322.1077503022693,4753.571428571428,4926.428571428572,804.7619047619048,2350.595238095238,597.3809523809524,51550.0,611.6666666666666,1524.2857142857142,277.1428571428572,265.95238095238096,1541.428571428571,5073.809523809524,258.57142857142856,260.0,2077.3809523809523,1064.157447451637,2086.190476190476,210.21227300734748,3230.529343377976
25,Feb 2011,8865.700048828125,6.75,6.84,298.7767859564887,4750.0,5013.055555555556,680.0,2240.277777777778,576.1111111111111,46308.333333333336,592.5,1510.5555555555557,248.05555555555557,245.83333333333331,1485.5555555555557,5105.555555555556,264.1666666666667,260.0,2050.0,942.5215352376302,1895.555555555556,208.96920606825088,3067.815171983507
26,Mar 2011,8739.630519701086,6.75,6.65,335.7765675420346,4994.565217391304,5521.086956521739,771.304347826087,2461.9565217391305,607.3913043478261,45991.30434782609,629.1304347826087,1438.2608695652175,249.1304347826087,256.30434782608694,1603.0434782608695,4982.608695652174,271.95652173913044,244.17391304347825,2050.0,773.0617224651834,1929.1304347826087,210.0576171875,3278.192032523777
27,Apr 2011,8637.030078125,6.75,6.16,376.31127166748047,5442.5,5586.75,878.0,2671.25,720.25,48180.0,693.75,1474.5,340.875,257.125,1737.5,5310.0,280.625,253.7,2146.5,813.5,2131.75,210.12047729492187,3352.149304199219
28,May 2011,8541.75235262784,6.75,5.98,397.0165303548177,5538.095238095239,5832.142857142857,911.4285714285714,2611.904761904762,693.8095238095239,46869.04761904762,757.3809523809524,1529.047619047619,346.42857142857144,267.3809523809524,2125.4761904761904,6276.190476190476,287.3809523809524,296.85714285714283,1966.190476190476,804.7619047619048,2150.0,218.01491510300409,3428.8743257068454
29,Jun 2011,8551.227317116478,6.75,5.54,417.604736328125,5422.5,5941.5,886.5,2580.625,673.5,45932.5,895.75,1461.5,332.75,291.75,2131.25,6915.0,297.625,307.0,1910.0,781.5,2177.5,236.26506118774412,3438.197717285156
30,Jul 2011,8523.476236979166,6.75,4.61,478.01164172944567,5966.666666666667,6963.809523809524,940.4761904761904,2839.285714285714,703.3333333333334,48066.66666666666,1050.4761904761904,1437.6190476190477,363.9285714285714,320.1190476190476,2517.8571428571427,6940.476190476191,315.1190476190476,327.6190476190476,1845.2380952380952,827.6190476190476,2140.4761904761904,229.25989786783853,3737.6749325706846
31,Aug 2011,8478.382642663044,6.75,4.79,527.8111909565173,6381.578947368421,6827.105263157895,1007.3684210526316,2850.0,675.0,45373.68421052631,1011.578947368421,1474.2105263157894,322.10526315789474,327.10526315789474,2932.894736842105,6389.473684210527,316.9736842105263,337.89473684210526,1847.368421052632,810.0,1989.4736842105265,210.39948955335117,3935.5198524876646
32,Sep 2011,8695.25692471591,6.75,4.61,516.1683044433594,5311.25,6519.75,910.5,2532.5,674.5,42892.5,955.0,1487.0,287.25,327.25,2951.25,6425.0,321.5,336.0,1850.0,778.0,1895.5,200.6024085998535,3942.017785644531
33,Oct 2011,8826.442894345239,6.5,4.42,491.588862827846,5280.952380952381,6583.809523809524,880.952380952381,2594.0476190476197,675.4761904761905,40445.23809523809,918.5714285714286,1465.7142857142858,251.9047619047619,335.1190476190476,2502.3809523809523,5992.857142857143,311.7857142857143,340.0,1850.0,750.4761904761905,1825.7142857142856,200.229486374628,3788.745791480655
34,Nov 2011,8975.89786044034,6.0,4.15,495.1640514026989,4886.363636363636,6923.409090909091,928.181818181818,2544.8863636363635,691.3636363636364,42470.454545454544,937.7272727272727,1490.4545454545455,265.45454545454544,365.1136363636364,2392.0454545454545,6590.909090909091,327.6136363636364,340.0,1850.0,753.1818181818181,1882.7272727272727,219.0580499822443,3858.009998668324
35,Dec 2011,9043.009144176136,6.0,3.79,550.1113484700521,4680.952380952381,7258.571428571428,941.904761904762,2519.6428571428573,685.952380952381,38078.57142857143,813.8095238095239,1435.7142857142858,274.2857142857143,389.1666666666667,2450.0,6726.190476190476,346.54761904761904,382.3809523809524,1826.190476190476,763.8095238095239,2114.0476190476197,193.09093511672248,4083.294049944197
36,Jan 2012,9050.613636363636,6.0,3.65,557.1340535481771,4815.476190476191,7718.0952380952385,1028.095238095238,2560.714285714286,700.7142857142857,38935.71428571428,794.7619047619048,1397.142857142857,283.0952380952381,409.2857142857143,2503.5714285714284,5873.809523809524,374.1666666666667,428.57142857142856,1780.952380952381,768.0952380952381,2252.3809523809523,195.23809523809524,4270.949823288691
37,Feb 2012,8977.121419270834,5.75,3.56,626.8928542364212,4932.142857142857,7333.809523809524,1177.142857142857,2709.5238095238096,700.0,41288.09523809524,853.8095238095239,1379.5238095238096,280.95238095238096,445.2380952380952,2489.285714285714,5385.714285714285,435.5952380952381,434.2857142857143,1700.0,775.2380952380952,2307.1428571428573,206.66666666666663,4567.873465401785
38,Mar 2012,9125.111372514204,5.75,3.97,702.7379847935268,4958.333333333333,7102.142857142857,1234.2857142857142,2688.095238095238,693.8095238095239,42557.142857142855,838.0952380952381,1393.3333333333333,287.6190476190476,447.7380952380952,2491.6666666666665,6057.142857142857,441.3095238095238,420.4761904761905,1842.857142857143,757.6190476190476,2491.6666666666665,204.4047619047619,4817.289295014881
39,Apr 2012,9143.085751488095,5.75,4.5,756.5552642822265,4740.0,7321.75,1397.5,2598.75,724.25,42687.5,827.75,1538.0,294.0,453.75,2651.25,6275.0,501.5,524.75,2123.75,1090.0,2552.5,201.95,5156.673120117188
40,May 2012,9210.11086107337,5.75,4.45,700.3970889136905,4809.523809523809,6875.0,1340.4761904761904,2866.6666666666665,785.0,36397.619047619046,859.5238095238095,1590.952380952381,304.1666666666667,532.7380952380952,2845.2380952380954,6390.476190476191,489.6428571428572,580.0,2413.095238095238,1308.095238095238,2595.2380952380954,195.47619047619048,5225.856329055059
41,Jun 2012,9381.326218377975,5.75,4.53,663.8790661039807,4748.809523809524,6689.285714285715,1207.6190476190477,2833.333333333333,774.2857142857143,34914.28571428572,900.4761904761905,1543.809523809524,263.57142857142856,510.5952380952381,2788.095238095238,6466.666666666667,478.1547619047619,580.0,2410.714285714286,1256.190476190476,2396.428571428572,182.42857142857144,5183.099283854167
42,Jul 2012,9407.525035511364,5.75,4.56,657.3883805708451,5326.136363636364,6736.363636363636,1161.8181818181818,3161.3636363636365,759.5454545454545,37043.181818181816,904.7727272727273,1733.6363636363635,276.25,567.9545454545455,2807.954545454545,6468.181818181818,497.95454545454544,580.0,2212.5,1364.5454545454545,2505.681818181818,210.6818181818182,5609.589621803977
43,Aug 2012,9461.413001019022,5.75,4.58,607.5003405119244,5344.736842105263,7071.052631578948,1067.8947368421052,3292.1052631578946,780.7894736842105,37326.31578947369,863.9473684210526,1840.5263157894735,275.7894736842105,598.421052631579,2672.368421052632,6407.894736842105,511.8421052631579,582.1052631578947,3111.842105263158,1621.578947368421,2665.7894736842104,220.7894736842105,5731.3141447368425
44,Sep 2012,9524.592529296877,5.75,4.31,654.7963653564453,5452.5,7255.0,1035.0,3188.75,859.0,40112.5,889.5,1888.5,280.125,614.5,2906.25,7120.0,562.5,600.0,2820.0,1646.0,2710.0,232.25,5729.082470703125
45,Oct 2012,9561.4130859375,5.75,4.61,680.1802368164062,5861.363636363636,7913.636363636364,1148.6363636363635,3547.7272727272725,971.818181818182,41879.545454545456,977.0454545454544,1925.909090909091,300.0,661.1363636363636,2954.5454545454545,6854.545454545455,643.4659090909091,576.8181818181819,2845.454545454545,1672.2727272727273,3135.2272727272725,275.22727272727275,5759.239146839489
46,Nov 2012,9579.440962357954,5.75,4.32,710.3459014892578,5755.0,7702.5,1240.0,3633.75,994.5,40857.5,1038.0,1870.5,323.375,726.0,3388.75,6800.0,608.125,550.0,3047.5,1673.0,3542.5,233.5,5759.012426757812
47,Dec 2012,9607.8224609375,5.75,4.3,787.6345994737413,5880.555555555556,7350.0,1186.111111111111,3913.8888888888887,1053.888888888889,40561.11111111111,1168.888888888889,1805.555555555556,338.3333333333333,773.3333333333334,3613.8888888888887,6658.333333333333,613.5416666666666,555.5555555555555,2879.1666666666665,1696.111111111111,3451.3888888888887,234.16666666666663,5672.825358072917
48,Jan 2013,9630.395635190218,5.75,4.57,817.4420514787946,5995.238095238095,7638.0952380952385,1249.5238095238096,3982.142857142857,1041.428571428571,41402.38095238096,1283.809523809524,1876.190476190476,378.57142857142856,788.5714285714286,3552.3809523809523,6602.380952380952,606.547619047619,626.6666666666666,3019.0476190476197,1782.857142857143,2990.4761904761904,256.9047619047619,5444.39208984375
49,Feb 2013,9649.655029296877,5.75,5.31,948.2749206542968,6627.5,7727.5,1425.0,4055.0,1146.0,40487.5,1527.0,1968.5,418.875,735.0,3337.5,6702.5,603.4375,722.5,3055.0,2046.25,3260.0,298.75,5534.538110351563
50,Mar 2013,9668.426199776786,5.75,5.9,1078.9081774259869,7486.842105263157,7876.315789473684,1662.1052631578948,4481.578947368421,1265.2631578947369,37955.26315789474,1757.3684210526317,2140.5263157894738,451.3815789473685,791.578947368421,3375.0,6715.789473684211,622.3684210526316,941.842105263158,3431.5789473684213,2407.894736842105,3632.8947368421054,359.7368421052632,5768.070184004934
51,Apr 2013,9687.313742897728,5.75,5.57,1133.3357627175071,7447.727272727273,7663.636363636364,1682.7272727272727,5259.090909090909,1283.1818181818182,37850.0,1880.0,2258.6363636363635,830.6818181818181,949.5454545454544,3510.2272727272725,6727.272727272727,655.1136363636364,963.8636363636364,3893.181818181818,2692.0454545454545,3727.272727272728,374.3181818181818,6428.127130681818
52,May 2013,9721.106530230978,5.75,5.47,1411.7538452148438,7388.636363636364,7111.363636363636,1825.0,6160.227272727273,1452.7272727272727,32831.818181818184,1934.7727272727277,2386.3636363636365,1023.2954545454544,906.818181818182,4005.681818181818,7029.545454545455,653.4090909090909,1009.7727272727273,4013.636363636364,2861.3636363636365,3301.1363636363635,404.77272727272725,6657.136274857955
53,Jun 2013,9799.567529296875,6.0,5.9,1277.613570363898,6813.1578947368425,6794.736842105263,1841.0526315789475,5646.052631578948,1321.578947368421,26636.84210526316,1681.578947368421,2118.4210526315787,1016.4473684210526,802.6315789473684,4214.473684210527,7578.9473684210525,651.9736842105264,1027.8947368421052,3976.315789473684,3481.5789473684213,2723.684210526316,355.7894736842105,6240.647538034539
54,Jul 2013,9986.550059442934,6.5,8.61,1125.9522333559785,6936.95652173913,6600.0,1578.695652173913,5582.608695652174,1419.5652173913045,26493.478260869564,1439.5652173913045,2282.1739130434785,1194.8369565217392,717.8260869565217,3927.1739130434794,8497.826086956522,614.1304347826087,1013.4782608695652,4327.173913043478,3500.0,2676.086956521739,346.0869565217391,6090.084812330163
55,Aug 2013,10500.09090909091,7.0,8.79,983.1777307846968,6402.941176470588,6120.588235294118,1443.529411764706,5189.705882352941,1367.6470588235295,28723.529411764703,1230.0,2232.058823529412,1047.4264705882354,693.5294117647059,3704.4117647058815,7138.235294117647,645.5882352941177,890.5882352941177,4491.176470588235,3473.529411764706,2498.529411764706,330.88235294117646,5795.251034007353
56,Sep 2013,11263.761904761905,7.25,8.4,946.659694126674,6561.9047619047615,6323.809523809524,1410.952380952381,5115.476190476191,1317.6190476190477,30661.904761904763,1337.6190476190477,2179.285714285714,991.3690476190476,734.2857142857143,3430.9523809523807,6930.952380952381,713.3928571428571,797.6190476190476,4471.428571428572,3426.190476190476,2364.285714285714,283.3333333333333,5546.533877418155
57,Oct 2013,11210.56591796875,7.25,8.32,938.232456752232,7023.809523809524,6700.0,1530.952380952381,5471.428571428572,1330.952380952381,30478.571428571428,1461.428571428571,2267.8571428571427,1162.202380952381,650.952380952381,3666.6666666666665,6683.333333333333,756.547619047619,834.2857142857143,4329.761904761905,3428.5714285714284,2547.619047619048,285.4761904761905,5575.038527715774
58,Nov 2013,11162.800037202382,7.5,8.37,810.1384399414062,6605.0,6515.0,1428.5,5183.75,1279.5,30042.5,1336.0,2205.0,1157.5,660.0,3373.75,6435.0,849.0625,812.0,4320.0,3732.5,2606.25,268.75,5111.778173828125
59,Dec 2013,11590.970481178978,7.5,8.38,732.2086727744654,6576.315789473684,6363.1578947368425,1347.8947368421052,5019.736842105263,1214.2105263157894,28702.63157894737,1233.157894736842,2089.4736842105262,1057.2368421052631,643.1578947368421,3184.2105263157896,6310.526315789473,833.2236842105264,797.8947368421053,4007.8947368421054,3890.7894736842095,2282.894736842105,266.05263157894734,4880.674701891448
60,Jan 2014,12035.478260869566,7.5,8.22,804.9767639160157,6825.0,6777.5,1394.5,5337.5,1376.0,26141.25,1359.0,2182.0,1101.5625,706.25,2994.25,6901.25,855.125,779.5,4491.25,3732.75,2274.75,300.15,4978.34072265625
61,Feb 2014,11834.6,7.5,7.75,939.9179107666016,6990.0,6655.0,1524.75,5478.125,1415.5,26708.75,1524.0,2292.75,1161.8125,798.5,3047.0,6921.25,872.9375,807.0,4351.25,3722.5,2241.0,328.75,5285.8704833984375
62,Mar 2014,11425.952380952382,7.5,7.32,1083.9534454345703,7360.0,7317.5,1644.0,5373.125,1440.75,24512.5,1561.0,2230.75,1058.625,771.25,3257.25,7020.0,911.8125,793.75,4261.25,3600.0,2675.0,358.8,5674.211010742188
63,Apr 2014,11421.09090909091,7.5,7.25,1066.5137590680804,7175.0,7772.619047619048,1605.952380952381,4999.4047619047615,1522.6190476190477,25172.61904761905,1378.809523809524,2307.3809523809523,1007.0238095238096,785.952380952381,2954.0476190476197,6701.190476190476,963.452380952381,858.3333333333334,4430.238095238095,3621.428571428572,2799.7619047619046,364.6190476190476,5982.417736235119
64,May 2014,11507.045454545454,7.5,7.32,1036.9794074164497,6938.888888888889,7480.555555555556,1568.611111111111,5042.361111111111,1588.0555555555557,26979.166666666668,1306.111111111111,2438.6111111111118,1065.0694444444443,843.8888888888889,2822.5,6538.888888888889,1018.4722222222222,936.9444444444443,4415.277777777777,3593.8888888888887,2745.833333333333,377.94444444444446,5992.909044053819
65,Jun 2014,11879.190476190475,7.5,6.7,1007.2889782133556,6834.523809523809,7260.714285714285,1545.2380952380952,5034.523809523809,1628.095238095238,28040.47619047619,1225.2380952380952,2464.5238095238096,1004.702380952381,870.2380952380952,2922.1428571428573,6427.380952380952,1094.2261904761904,940.952380952381,4282.142857142857,3564.5238095238096,2579.5238095238096,366.3333333333333,5939.6606677827385
66,Jul 2014,11666.130434782608,7.5,4.53,1125.997224506579,6976.315789473684,7588.157894736842,1593.6842105263158,5144.736842105263,1724.2105263157894,26055.263157894737,1234.4736842105262,2603.157894736842,992.6973684210526,893.9473684210526,2915.0,6597.368421052632,1148.4868421052631,940.5263157894736,4451.8421052631575,3605.2631578947367,2840.0,396.2631578947368,6219.6441457648025
67,Aug 2014,11709.619047619048,7.5,3.99,1185.4665283203126,7055.0,7680.0,1617.0,5198.125,1648.5,28242.5,1265.75,2714.25,966.5,911.0,2869.0,6565.0,1111.9375,943.25,4600.0,3505.0,2937.5,433.35,6274.056176757813
68,Sep 2014,11874.0,7.5,4.53,1078.3671930486505,7018.181818181818,7351.136363636364,1585.909090909091,5527.272727272727,1679.3181818181818,27214.772727272728,1309.090909090909,2822.954545454545,964.4886363636364,957.9545454545456,2692.0454545454545,6734.090909090909,1079.2613636363635,1002.9545454545456,4602.272727272727,3109.5454545454545,2755.2272727272725,420.8181818181818,6365.773171164773
69,Oct 2014,12133.173913043478,7.5,4.83,1021.2224147630776,6777.173913043478,6625.0,1521.5217391304348,5543.478260869565,1669.3478260869565,22817.391304347828,1191.7391304347825,2805.8695652173915,960.4891304347826,821.5217391304348,2591.521739130435,7400.0,1149.4021739130435,999.782608695652,4600.0,3071.9565217391305,2508.260869565217,418.1304347826087,6186.597953464674
70,Nov 2014,12146.9,7.75,6.23,1180.3048706054688,6642.5,7001.25,1611.25,5563.75,1718.25,18975.0,1111.75,2746.5,955.4375,801.5,2933.0,8000.0,1140.375,1021.5,4575.0,2923.5,2261.5,462.35,6610.767626953125
71,Dec 2014,12422.739130434782,7.75,8.36,1257.238525390625,6590.0,7138.75,1800.75,5948.75,1785.5,16538.75,1008.5,2823.25,941.8125,775.25,2873.75,7793.75,1187.875,1035.0,4641.0,2877.75,2236.25,511.6,6893.8546142578125
72,Jan 2015,12527.772727272728,7.75,6.96,1387.6851399739585,7423.809523809524,7446.428571428572,1991.904761904762,6780.357142857143,1818.571428571429,15159.52380952381,910.952380952381,2848.333333333333,1001.0119047619048,749.7619047619048,2602.619047619048,6990.476190476191,1211.071428571429,1095.0,5130.0,2822.3809523809523,2056.6666666666665,501.1904761904762,7028.776762462798
73,Feb 2015,12735.15,7.5,6.29,1449.4109464946546,7406.578947368421,7818.421052631579,2092.6315789473683,7108.552631578948,1824.2105263157891,17126.315789473683,847.6315789473684,2885.5263157894738,995.7894736842104,773.421052631579,2608.4210526315787,6742.105263157895,1214.5394736842106,1203.421052631579,5221.052631578948,2925.2631578947367,1941.842105263158,512.8947368421053,7070.283485814145
74,Mar 2015,13034.045454545454,7.5,6.38,1354.9976584694602,7409.090909090909,8052.272727272727,2067.5,7284.090909090909,1817.7272727272727,17093.18181818182,822.9545454545455,2920.681818181818,991.931818181818,770.0,2431.1363636363635,6487.5,1149.6022727272727,1133.409090909091,5470.454545454545,2845.909090909091,1662.2727272727273,509.77272727272725,7091.346590909091
75,Apr 2015,12938.136363636364,7.5,6.79,1420.2236328125,7302.380952380952,7882.142857142857,2095.714285714286,7038.095238095239,1857.3809523809523,15246.42857142857,692.8571428571429,2812.3809523809523,987.6190476190476,689.7619047619048,2153.5714285714284,6410.714285714285,1181.4880952380952,1100.2380952380952,5953.571428571428,2987.3809523809523,1535.0,503.8095238095238,6876.751813616072
76,May 2015,13082.761904761905,7.5,7.15,1450.963366056743,6965.789473684211,7459.210526315789,1917.1052631578948,6921.710526315789,1809.7368421052631,14401.315789473683,621.3157894736842,2828.4210526315787,990.592105263158,682.8947368421053,2056.0526315789475,5725.0,1165.3947368421052,1003.6842105263158,6284.210526315789,3110.5263157894738,1589.7368421052631,443.05263157894734,6349.602898848684
77,Jun 2015,13282.5,7.5,7.26,1313.946800595238,6772.619047619048,6969.047619047619,1775.0,6519.642857142857,1685.4761904761904,13154.761904761905,593.0952380952381,2868.095238095238,969.8214285714286,647.1428571428571,1993.571428571429,4973.809523809524,1155.7142857142858,963.095238095238,6372.619047619048,2995.2380952380954,1517.3809523809523,419.5238095238095,5958.663876488095
78,Jul 2015,13351.608695652174,7.5,7.26,1195.3371453536183,6314.473684210527,6757.894736842105,1766.0526315789473,6153.9473684210525,1674.7368421052631,11263.157894736842,511.9473684210527,2880.2631578947367,955.8552631578948,642.8947368421053,1983.421052631579,4903.421052631579,1164.407894736842,976.3157894736842,6386.8421052631575,2900.0,1502.3684210526317,418.2105263157895,5739.190403988487
79,Aug 2015,13690.0,7.5,7.18,963.2683654785156,5645.75,6203.75,1649.0,6275.0,1600.75,9496.25,377.6,2850.0,929.375,605.0,1804.75,4825.0,1178.4375,949.5,6420.0,2671.75,1136.5,375.95,5326.525268554688
80,Sep 2015,14343.954545454546,7.5,6.83,805.4500528971354,5201.9047619047615,5816.666666666667,1471.6666666666667,6107.142857142857,1528.809523809524,9115.47619047619,338.4761904761905,2717.8571428571427,936.845238095238,534.7619047619048,1598.809523809524,4265.476190476191,1132.321428571429,889.5238095238095,6333.333333333333,2269.0476190476197,1039.047619047619,351.42857142857144,4984.041643415178
81,Oct 2015,13761.0,7.5,6.25,1012.0857340494792,5867.857142857143,6110.714285714285,1632.142857142857,6525.0,1464.047619047619,9853.57142857143,399.9047619047619,2717.8571428571427,992.1428571428572,638.8095238095239,1650.2380952380952,4392.619047619048,1166.9642857142858,846.4285714285714,6395.238095238095,2046.904761904762,1069.5238095238096,402.7142857142857,5220.155366443452
82,Nov 2015,13612.09523809524,7.5,4.89,1236.651849655878,5479.761904761905,6377.380952380952,1672.857142857143,6369.047619047619,1369.5238095238096,7640.476190476191,439.1428571428572,2796.904761904762,988.5714285714286,741.6666666666666,1708.3333333333333,4696.9047619047615,1242.559523809524,794.2857142857143,6485.714285714285,2204.0476190476197,1052.142857142857,444.3809523809524,4922.9941638764885
83,Dec 2015,13813.521739130434,7.5,3.35,1318.8586791992188,5057.5,6206.25,1711.0,6283.75,1278.25,6028.75,523.7,3036.75,985.75,793.75,1710.0,4134.75,1212.375,736.5,6330.0,3000.0,1019.5,466.45,4883.0638671875
84,Jan 2016,13840.714285714286,7.25,4.14,1353.6439636230468,5721.25,6011.25,1757.75,7080.0,1370.25,5336.0,632.5,3171.0,920.5625,784.75,1750.5,4086.25,1135.6875,684.75,6400.0,3000.0,950.5,462.45,5654.25771484375
85,Feb 2016,13499.952380952382,7.0,4.42,1299.4783203125,6603.75,6675.0,1721.0,7621.25,1304.5,5185.25,767.25,3308.0,922.0625,855.75,1752.25,3827.25,1089.25,614.0,6415.0,2880.0,928.25,461.35,5670.4697265625
86,Mar 2016,13122.95652173913,6.75,4.45,1300.779808407738,7211.9047619047615,7126.190476190476,1793.809523809524,7733.333333333333,1317.857142857143,6723.809523809524,801.4285714285714,3368.5714285714284,935.1190476190476,880.7142857142857,1855.0,3213.809523809524,1150.2380952380952,655.4761904761905,6428.571428571428,2700.0,1047.142857142857,497.6666666666667,5456.268973214285
87,Apr 2016,13147.952380952382,6.75,3.6,1292.0243443080358,7141.666666666667,7223.809523809524,1870.952380952381,7547.023809523809,1408.3333333333333,7158.333333333333,878.3333333333334,3493.809523809524,965.0,850.7142857142857,1947.3809523809523,3179.0476190476197,1193.571428571429,726.6666666666666,6395.238095238095,2719.0476190476197,1096.190476190476,513.7619047619048,5385.007277715774
88,May 2016,13395.454545454546,6.75,3.33,1296.4967346191406,7032.5,6483.75,1772.0,7878.75,1358.75,8220.0,920.75,3673.0,997.625,886.5,1943.5,3496.5,1197.75,794.75,6245.0,2725.0,1036.25,514.85,5325.0287109375
89,Jun 2016,13334.272727272728,6.5,3.45,1384.8603404651988,7145.454545454545,6789.772727272727,1946.136363636364,8371.59090909091,1429.090909090909,8768.181818181818,1050.4545454545455,3835.4545454545455,1036.3636363636365,898.8636363636364,1842.2727272727277,3360.0,1183.75,842.7272727272727,6200.0,2721.818181818182,1059.7727272727273,569.5454545454545,5279.680442116477
90,Jul 2016,13101.619047619048,6.5,3.21,1436.4646759033203,7482.8125,7350.0,2066.875,8673.4375,1614.0625,11303.125,1305.625,4173.125,1052.96875,967.5,1920.0,3535.0,1163.28125,843.75,5987.5,2759.375,1098.125,633.75,5420.118560791016
91,Aug 2016,13145.391304347826,5.25,2.79,1584.7727272727273,8101.136363636364,8093.181818181818,2188.181818181818,9092.045454545454,1729.5454545454545,11814.772727272728,1559.7727272727273,4255.909090909091,1140.5681818181818,972.5,2200.0,4512.727272727273,1069.2045454545455,831.1363636363636,6054.545454545455,2740.909090909091,1206.3636363636365,642.5,5271.74442915483
92,Sep 2016,13114.045454545454,5.0,3.07,1597.142857142857,8495.238095238095,8311.904761904761,2140.714285714286,9536.90476190476,1732.3809523809523,10802.380952380952,1604.2857142857142,4183.809523809524,1116.7857142857142,928.5714285714286,2125.2380952380954,4300.0,1087.0238095238096,820.2380952380952,5800.0,2809.5238095238096,1065.2380952380952,639.047619047619,4728.4497302827385
93,Oct 2016,13015.238095238095,4.75,3.31,1577.3809523809523,8735.714285714286,8315.47619047619,2188.095238095238,9608.333333333334,1726.428571428571,13332.142857142857,1763.571428571429,4222.857142857143,1160.2380952380952,859.7619047619048,2149.5238095238096,4364.285714285715,1122.0238095238096,827.8571428571429,5980.952380952381,3167.619047619048,1000.0,701.4285714285714,4593.052618117559
94,Nov 2016,13317.045454545454,4.75,3.58,1478.8636363636365,7864.772727272727,7917.045454545455,1893.8636363636365,8886.363636363636,1556.590909090909,15955.681818181818,1794.090909090909,3996.363636363637,1169.7727272727273,849.7727272727273,2062.0454545454545,4563.636363636364,1046.590909090909,829.3181818181819,6000.0,3065.454545454545,913.4090909090908,698.1818181818181,4329.345492276279
95,Dec 2016,13414.545454545454,4.75,3.02,1345.0,7715.0,7760.0,1754.75,8487.5,1520.75,16715.0,1567.25,3862.0,1145.75,831.75,1976.25,4534.5,978.75,856.75,6000.0,2920.0,904.75,604.25,4329.5
96,Jan 2017,13352.227272727272,4.75,3.49,1302.2727272727273,7928.409090909091,8071.590909090909,1799.7727272727273,8552.272727272728,1511.8181818181818,15673.863636363636,1575.6818181818182,3936.818181818182,1106.0227272727273,762.5,1907.2727272727277,4187.727272727273,897.2727272727273,875.0,5790.909090909091,2911.818181818182,900.6818181818181,583.6363636363636,4245.909090909091
97,Feb 2017,13330.6,4.75,3.83,1376.5,8006.25,8058.75,1886.25,8413.75,1484.5,15840.0,1811.75,3888.0,1102.25,774.5,1849.25,4219.0,983.5,863.5,5400.0,2979.5,900.75,574.0,4624.0
98,Mar 2017,13332.391304347826,4.75,3.61,1267.5,8046.590909090909,8437.5,1804.3181818181815,8422.727272727272,1501.1363636363635,18082.954545454544,1605.6818181818182,4018.636363636364,1072.840909090909,796.3636363636364,1876.136363636364,4186.363636363636,1001.5909090909092,867.7272727272727,5400.0,2905.454545454545,912.5,586.1363636363636,4614.545454545455
99,Apr 2017,13290.65,4.75,4.17,1228.888888888889,8045.833333333333,8708.333333333334,1816.111111111111,8320.833333333334,1576.6666666666667,20008.33333333333,1577.5,4205.555555555556,1053.75,911.9444444444443,2031.388888888889,4177.777777777777,1182.2222222222222,916.1111111111112,5400.0,2943.8888888888887,903.6111111111112,597.2222222222222,4619.444444444444
100,May 2017,13317.130434782608,4.75,4.33,1156.0,8575.0,8705.0,1789.75,8700.0,1537.5,16322.5,1221.5,4378.0,1115.3125,974.5,2056.5,4008.5,1200.25,836.0,5400.0,2950.0,862.5,630.75,4875.75
101,Jun 2017,13294.772727272728,4.75,4.37,1146.1363636363635,8600.0,8879.545454545454,1810.4545454545453,8710.227272727272,1585.0,17048.863636363636,1335.909090909091,4416.363636363636,1268.1818181818182,1037.2727272727273,2023.636363636364,4095.4545454545455,1189.3181818181818,817.7272727272727,5400.0,2900.0,767.0454545454545,614.0909090909091,5240.909090909091
102,Jul 2017,13332.8,4.75,3.88,1153.095238095238,8690.47619047619,8507.142857142857,1790.952380952381,8582.142857142857,1659.2857142857142,19600.0,1345.7142857142858,4638.571428571428,1243.9880952380952,1106.904761904762,1954.2857142857144,3912.380952380952,1186.428571428571,816.1904761904761,5400.0,2900.0,787.3809523809524,635.4761904761905,5366.666666666667
103,Aug 2017,13332.173913043478,4.5,3.82,1157.391304347826,8383.695652173914,7891.304347826087,1816.9565217391305,8525.0,1735.0,20134.78260869565,1168.2608695652175,4738.260869565217,1208.641304347826,1076.9565217391305,1936.7391304347825,3875.217391304348,1078.9130434782608,864.7826086956521,5400.0,2900.0,802.6086956521739,678.0434782608696,5555.434782608696
104,Sep 2017,13300.666666666666,4.25,3.72,1163.571428571429,8529.761904761905,7828.571428571428,1800.7142857142858,8763.095238095239,1715.952380952381,19571.42857142857,1179.7619047619048,4690.476190476191,1238.571428571429,1112.6190476190477,1885.0,4030.9523809523807,1130.2380952380952,894.5238095238095,5414.285714285715,2900.0,816.4285714285714,642.6190476190476,5832.142857142857
105,Oct 2017,13517.90909090909,4.25,3.58,1188.409090909091,8367.045454545454,8062.5,1773.409090909091,8785.227272727272,1679.5454545454545,21261.36363636364,1339.3181818181818,4382.727272727273,1289.3181818181818,1299.5454545454545,1858.636363636364,3928.636363636364,1193.8636363636365,888.8636363636364,5431.818181818182,2977.2727272727275,810.6818181818181,622.7272727272727,6076.136363636364
106,Nov 2017,13515.52380952381,4.25,3.3,1202.7272727272727,7882.954545454545,8264.772727272728,1690.4545454545455,8684.09090909091,1618.409090909091,20812.5,1315.4545454545455,4161.363636363636,1300.0,1205.6818181818182,1817.9545454545453,3963.636363636364,1283.1818181818182,890.0,5400.0,3000.0,816.8181818181819,628.6363636363636,6522.727272727273
107,Dec 2017,13548.0,4.25,3.61,1181.190476190476,7488.0952380952385,8192.857142857143,1650.7142857142858,8835.714285714286,1657.6190476190477,20702.380952380958,1277.142857142857,4235.714285714285,1275.952380952381,1160.4761904761904,1727.857142857143,3564.7619047619046,1277.857142857143,856.9047619047619,5400.0,2994.7619047619046,821.9047619047619,650.952380952381,6319.047619047619
108,Jan 2018,13384.739130434782,4.25,3.25,1203.2608695652175,7865.217391304348,8344.565217391304,1717.1739130434785,8877.173913043478,1720.0,25534.78260869565,1402.8260869565215,4162.608695652174,1258.0434782608695,1263.695652173913,1705.2173913043478,3557.826086956521,1300.4347826086955,863.695652173913,5400.0,2990.0,854.1304347826087,698.0434782608696,6147.826086956522
109,Feb 2018,13579.65,4.25,3.18,1288.75,7732.5,8306.25,1802.5,8896.25,1631.25,29825.0,1556.0,4011.0,1313.0,1331.25,1644.5,3432.5,1315.75,866.0,5400.0,2726.5,862.25,673.75,5572.5
110,Mar 2018,13749.045454545454,4.25,3.4,1203.1818181818182,7314.772727272727,7571.590909090909,1770.0,8720.454545454546,1498.409090909091,27923.86363636364,1505.6818181818182,3865.0,1432.2727272727273,1329.3181818181818,1613.1818181818182,3623.636363636364,1362.7272727272727,846.8181818181819,4945.454545454545,2339.318181818182,814.3181818181819,635.4545454545455,4951.818181818182
111,Apr 2018,13799.361886160714,4.25,3.41,1200.952380952381,7071.428571428572,7535.714285714285,1783.571428571429,8333.333333333334,1532.6190476190477,26773.809523809523,1572.142857142857,3746.190476190476,1390.0,1339.047619047619,1614.7619047619048,3852.380952380952,1412.6190476190477,828.8095238095239,4185.714285714285,1981.190476190476,801.9047619047619,620.0,4552.857142857143
112,May 2018,14071.204313858696,4.75,3.23,990.6521739130436,6640.217391304348,7027.173913043478,1630.2173913043478,8359.782608695652,1391.5217391304348,24882.60869565217,1591.9565217391305,3607.391304347826,1207.391304347826,1240.8695652173913,1582.608695652174,3562.1739130434785,1482.8260869565215,806.0869565217391,4100.0,1914.1304347826087,729.1304347826087,546.3478260869565,4180.869565217391
113,Jun 2018,13988.733351934525,5.25,3.12,1074.2857142857142,6835.714285714285,6807.142857142857,1686.190476190476,8740.47619047619,1331.190476190476,25565.47619047619,1612.142857142857,3657.142857142857,1247.857142857143,1307.857142857143,1593.571428571429,4046.6666666666665,1402.857142857143,753.8095238095239,4100.0,1903.3333333333333,624.2857142857143,568.5714285714286,4484.285714285715
114,Jul 2018,14407.45907315341,5.25,3.18,1010.4545454545456,6409.090909090909,6610.227272727273,1453.6363636363635,8752.272727272728,1285.909090909091,25094.31818181818,1924.5454545454545,3919.090909090909,1273.1818181818182,1302.7272727272727,1515.6818181818182,4223.636363636364,1341.3636363636365,631.1363636363636,3978.181818181818,1721.1363636363635,761.1363636363636,552.5,4778.409090909091
115,Aug 2018,14551.126061480978,5.5,3.2,914.3478260869564,6386.95652173913,7321.739130434783,1255.8695652173913,8760.869565217392,1287.8260869565215,27509.78260869565,2164.782608695652,3453.478260869565,1224.7826086956522,1368.2608695652175,1484.5652173913045,4054.347826086957,1311.7391304347825,585.0,5063.913043478261,1702.608695652174,877.6086956521739,528.9130434782609,4715.652173913043
116,Sep 2018,14864.539990234374,5.75,2.88,774.75,6052.5,7161.25,1146.0,8786.25,1261.25,26038.75,2119.0,3485.0,1212.75,1366.75,1430.75,4085.0,1380.75,558.75,5450.0,1917.0,946.75,516.0,4412.5
117,Oct 2018,15215.069548233696,5.75,3.16,817.8260869565217,5789.130434782609,7180.434782608696,1067.391304347826,8779.347826086956,1323.695652173913,25615.217391304348,1977.391304347826,3666.086956521739,1202.8260869565215,1376.0869565217392,1386.7391304347825,3817.391304347826,1428.0434782608695,557.3913043478261,5419.565217391304,1835.0,1510.2173913043478,476.60869565217394,4299.565217391304
118,Nov 2018,14706.372736150568,6.0,3.23,932.0454545454544,5992.045454545455,8306.818181818182,1217.7272727272727,8892.045454545454,1478.1818181818182,22303.40909090909,2032.7272727272727,3895.909090909091,1148.1818181818182,1444.7727272727273,1389.3181818181818,3800.0,1463.1818181818182,579.7727272727273,4583.636363636364,2114.5454545454545,1910.2272727272727,577.4545454545455,4011.818181818182
119,Dec 2018,14525.51901971726,6.0,3.13,1019.047619047619,7045.238095238095,8327.380952380952,1279.047619047619,10086.90476190476,1535.4761904761904,20352.380952380958,2159.5238095238096,3729.5238095238096,1160.2380952380952,1507.142857142857,1390.2380952380952,3826.6666666666665,1378.809523809524,632.6190476190476,4030.0,2145.714285714286,1861.6666666666667,610.4761904761905,4432.380952380952
120,Jan 2019,14182.652216372282,6.0,2.82,1002.1739130434784,7530.434782608696,8285.869565217392,1392.391304347826,10396.739130434782,1593.0434782608695,21919.565217391304,2363.043478260869,3858.2608695652175,1221.304347826087,1692.8260869565215,1474.7826086956522,4123.04347826087,1443.9130434782608,661.5217391304348,4125.217391304348,1932.1739130434785,1885.8695652173917,667.8260869565217,4828.260869565217
121,Feb 2019,14027.035009765625,6.0,2.57,911.0,7570.0,7835.0,1349.0,10488.75,1562.75,21902.5,2628.0,3854.0,1216.5,1776.5,1756.0,4113.0,1668.25,604.75,4390.0,2034.5,2001.25,652.5,5020.0
122,Mar 2019,14213.799990699405,6.0,2.48,932.6190476190476,7086.9047619047615,7219.047619047619,1387.857142857143,10086.90476190476,1518.3333333333333,22990.47619047619,2186.428571428572,3809.5238095238096,1238.809523809524,1792.3809523809523,1753.571428571429,4110.0,1576.904761904762,603.0952380952381,4100.0,2152.3809523809523,2029.7619047619048,662.1428571428571,5302.380952380952
123,Apr 2019,14145.931818181818,6.0,2.83,1144.3181818181818,6386.363636363636,7606.818181818182,1434.5454545454545,9143.181818181818,1506.3636363636365,20522.727272727272,1727.7272727272727,3890.0,1226.590909090909,1682.2727272727273,1774.5454545454545,4115.909090909091,1557.2727272727273,595.0,6551.136363636364,2314.090909090909,1900.0,727.7272727272727,6047.727272727273
124,May 2019,14387.613636363636,6.0,3.32,991.304347826087,6485.869565217391,7168.478260869565,1268.2608695652175,9644.565217391304,1398.4782608695652,17455.434782608696,1446.9565217391305,3743.0434782608695,1322.608695652174,1653.4782608695652,1626.0869565217392,4113.913043478261,1590.2173913043478,581.5217391304348,5395.0,2386.521739130435,1547.608695652174,668.695652173913,5527.173913043478
125,Jun 2019,14248.325,6.0,3.28,1059.7368421052631,6906.25,7456.578947368421,1427.1052631578948,9980.263157894737,1446.25,17272.5,1505.0,3981.052631578948,1381.0526315789473,1776.0526315789473,1567.0,4376.75,1566.25,561.75,4978.25,2450.5263157894738,1507.0,732.1052631578947,5748.684210526316
126,Jul 2019,14073.09132982337,5.75,3.32,1193.4782608695652,6952.173913043478,7253.260869565217,1470.6521739130435,10410.869565217392,1452.608695652174,17226.08695652174,1628.9130434782608,4247.826086956522,1460.0,1808.695652173913,1573.695652173913,4067.391304347826,1531.7391304347825,537.3913043478261,6891.304347826087,2397.826086956521,1533.9130434782608,717.1739130434783,5864.130434782609
127,Aug 2019,14256.91357421875,5.5,3.49,1199.090909090909,7523.863636363636,6638.636363636364,1352.5,11459.09090909091,1529.090909090909,13911.363636363636,1570.6818181818182,4310.454545454545,1512.0454545454545,1747.0454545454545,1630.4545454545455,3805.0,1431.8181818181818,639.0909090909091,6767.045454545455,2338.6363636363635,1376.3636363636365,678.1818181818181,5690.909090909091
128,Sep 2019,14131.795200892857,5.25,3.39,1079.047619047619,7798.809523809524,6634.523809523809,1362.142857142857,11913.09523809524,1673.095238095238,13284.52380952381,1557.857142857143,4266.666666666667,1523.095238095238,1756.190476190476,1575.4761904761904,3978.571428571429,1392.857142857143,693.8095238095239,6850.0,2221.428571428572,1343.571428571429,656.9047619047619,5540.476190476191
129,Oct 2019,14135.517408288044,5.0,3.13,1131.7391304347825,7633.695652173913,6603.260869565217,1395.0,11711.95652173913,1639.1304347826087,12811.95652173913,1630.8695652173913,4200.869565217391,1518.9130434782608,1790.2173913043478,1483.2608695652175,3900.434782608696,1462.391304347826,635.6521739130435,5768.260869565217,2108.260869565217,1315.4347826086955,616.304347826087,5610.869565217391
130,Nov 2019,14019.369419642857,5.0,3.0,1056.6666666666667,7883.333333333333,6625.0,1364.5238095238096,11353.57142857143,1541.190476190476,12061.90476190476,1676.190476190476,4043.3333333333335,1637.3809523809523,1690.7142857142858,1416.190476190476,3763.3333333333335,1387.857142857143,589.5238095238095,4980.476190476191,2025.2380952380952,1323.809523809524,582.6190476190476,5073.809523809524
131,Dec 2019,13989.823109019886,5.0,2.72,1043.421052631579,7900.0,6773.684210526316,1259.2105263157894,11363.157894736842,1592.8947368421052,10871.052631578948,1585.2631578947369,3997.8947368421054,1609.2105263157894,1552.3684210526317,1372.3684210526317,3801.052631578948,1395.7894736842106,567.3684210526316,4993.1578947368425,2034.2105263157891,1194.2105263157894,573.9473684210526,5209.210526315789
132,Jan 2020,13679.382218070652,5.0,2.68,1004.318181818182,8112.5,6896.590909090909,1222.2727272727273,11555.681818181818,1580.909090909091,11915.90909090909,1602.7272727272727,3897.272727272728,1602.2727272727273,1567.7272727272727,1352.0454545454545,3887.727272727273,1414.5454545454545,568.8636363636364,4990.909090909091,1997.0454545454545,1044.3181818181818,563.1818181818181,5059.090909090909
133,Feb 2020,13758.868310546875,4.75,2.98,927.25,7297.5,6153.75,1113.0,11070.0,1394.25,10552.5,1490.25,3674.0,1609.0,1583.75,1341.75,3651.5,1439.0,500.4,4990.0,2082.0,980.25,548.25,4849.0
134,Mar 2020,15119.265092329546,4.5,2.96,678.5714285714286,6404.761904761905,4631.9047619047615,823.5714285714286,10040.47619047619,1082.142857142857,8396.42857142857,1155.0,3217.1428571428573,1399.5238095238096,1318.809523809524,1096.6666666666667,2995.2380952380954,1232.6190476190477,416.0952380952381,4990.0,2132.8571428571427,725.7142857142857,404.4285714285714,3568.5714285714284
135,Apr 2020,15782.95166015625,4.5,2.67,539.8571428571429,6420.238095238095,3817.619047619048,746.1904761904761,10054.761904761905,1246.904761904762,7597.619047619048,932.3809523809524,3173.333333333333,1400.4761904761904,1317.142857142857,1155.0,2789.0476190476197,1236.6666666666667,397.1428571428572,4887.142857142857,1933.571428571429,946.4285714285714,378.3809523809524,2843.333333333333
136,May 2020,14885.244233630952,4.5,2.19,513.875,6329.6875,3948.125,642.8125,9393.75,1378.75,7768.75,906.5625,3196.25,1481.5625,1378.4375,1185.625,2895.625,1136.5625,409.625,4746.875,1820.0,1052.5,351.5,3601.25
137,Jun 2020,14184.576216264204,4.25,1.96,675.7142857142857,6353.571428571428,4871.666666666667,778.3333333333334,8851.190476190477,1429.5238095238096,7859.523809523809,1204.5238095238096,3181.428571428572,1600.7142857142858,1502.857142857143,1308.809523809524,2888.095238095238,1087.3809523809523,426.6666666666667,4880.0,1808.095238095238,1054.5238095238096,437.9047619047619,4116.190476190476
138,Jul 2020,14516.47066066576,4.0,1.54,645.2272727272727,6565.909090909091,5037.045454545455,737.2727272727273,9322.727272727272,1516.590909090909,7664.772727272727,1151.590909090909,3075.0,1617.0454545454545,1606.1363636363635,1394.5454545454545,3130.0,1156.1363636363635,418.27272727272725,4787.954545454545,1865.909090909091,1042.0454545454545,420.27272727272725,4297.272727272727
139,Aug 2020,14641.914109002975,4.0,1.32,695.0,7234.722222222223,5236.944444444444,724.4444444444445,10195.833333333334,1602.5,8162.5,1098.888888888889,2980.0,1675.5555555555557,1637.2222222222222,1369.4444444444443,3218.333333333333,1274.7222222222222,425.3333333333333,3886.1111111111113,1857.7777777777776,1038.888888888889,403.1111111111111,4017.222222222222
140,Sep 2020,14803.13370028409,4.0,1.42,683.8636363636364,7486.363636363636,4829.318181818182,746.1363636363636,10230.681818181818,1548.6363636363635,8332.954545454546,1128.409090909091,2798.181818181818,1710.2272727272727,1561.1363636363635,1316.1363636363635,2958.6363636363635,1173.1818181818182,421.54545454545456,3538.181818181818,1846.136363636364,1005.9090909090908,375.0,3500.454545454545
141,Oct 2020,14717.467151988636,4.0,1.44,750.2631578947369,7130.263157894737,4912.105263157895,812.1052631578947,9890.78947368421,1572.1052631578948,8172.368421052632,1132.6315789473683,2698.9473684210525,1715.0,1578.9473684210527,1267.6315789473683,2877.368421052632,1304.4736842105262,419.7894736842105,3474.2105263157896,1871.578947368421,1037.1052631578948,386.42105263157896,3692.631578947368
142,Nov 2020,14187.21763392857,3.75,1.59,886.9047619047619,7167.857142857143,5689.285714285715,1023.095238095238,9961.90476190476,1489.2857142857142,9584.52380952381,1228.809523809524,3054.285714285714,1661.428571428571,1664.7619047619048,1287.6190476190477,3045.714285714286,1397.6190476190477,460.2380952380952,3624.7619047619046,1888.809523809524,1095.0,471.4285714285714,4158.095238095239
143,Dec 2020,14101.688688858696,3.75,1.68,957.3684210526316,6952.631578947368,5903.9473684210525,1162.6315789473683,9776.315789473683,1495.0,14673.684210526317,1513.9473684210527,3372.6315789473683,1641.842105263158,1734.4736842105262,1393.421052631579,3681.052631578948,1368.6842105263158,578.421052631579,3875.7894736842095,2068.684210526316,1329.4736842105262,536.0526315789474,4548.421052631579
144,Jan 2021,14015.51939174107,3.75,1.55,1022.75,6677.5,6461.25,1225.5,9476.25,1570.75,13391.25,1495.75,3421.0,1611.0,1703.25,1600.25,3672.0,1260.5,579.25,3759.5,2299.0,1452.0,525.25,4605.5
145,Feb 2021,13999.608935546876,3.5,1.38,1073.6842105263158,6168.421052631579,5859.210526315789,1206.842105263158,8922.368421052632,1530.0,12384.21052631579,1456.0526315789473,3276.315789473684,1552.6315789473683,1615.5263157894738,1485.7894736842106,3735.7894736842095,1288.9473684210527,554.7368421052631,3559.4736842105262,2167.368421052632,1734.7368421052631,535.3157894736842,4427.894736842105
146,Mar 2021,14379.493248980978,3.5,1.37,1162.2727272727273,6423.863636363636,5540.909090909091,1220.6818181818182,8756.818181818182,1566.8181818181818,11930.681818181818,1812.9545454545453,3399.5454545454545,1528.6363636363635,1558.8636363636365,1467.2727272727273,3866.818181818182,1313.8636363636365,589.5454545454545,3518.181818181818,2150.909090909091,1741.590909090909,568.6363636363636,4257.272727272727
147,Apr 2021,14561.077281605114,3.5,1.42,1136.6666666666667,6661.9047619047615,5336.9047619047615,1162.857142857143,8784.52380952381,1506.6666666666667,12123.809523809525,2112.1428571428573,3310.4761904761904,1530.952380952381,1494.7619047619048,1537.142857142857,3930.0,1339.047619047619,567.8571428571429,3540.9523809523807,2171.904761904762,1742.3809523809523,522.2380952380952,4171.428571428572
148,May 2021,14333.952334449405,3.5,1.68,1109.1176470588234,6410.294117647059,5242.64705882353,1158.8235294117646,8363.235294117647,1452.3529411764705,12625.0,2001.1764705882356,3239.4117647058824,1542.6470588235295,1460.0,1510.2941176470588,4618.823529411765,1224.1176470588234,545.0,3590.0,2350.0,1731.1764705882354,510.6470588235294,3998.823529411765
149,Jun 2021,14364.231800426136,3.5,1.33,974.047619047619,6244.047619047619,5100.952380952381,1025.7142857142858,8147.619047619048,1424.5238095238096,14441.666666666666,1962.619047619048,3368.5714285714284,1534.7619047619048,1389.2857142857142,1531.904761904762,4402.380952380952,1291.904761904762,528.9047619047619,3614.285714285714,2296.190476190476,1689.2857142857142,464.1904761904762,3770.0
150,Jul 2021,14543.386363636364,3.5,1.52,922.8571428571428,6510.714285714285,4856.428571428572,949.047619047619,8544.047619047618,1349.5238095238096,15389.285714285714,1675.4761904761904,3141.428571428572,1526.428571428571,1410.7142857142858,1501.428571428571,3898.571428571429,1360.7142857142858,464.8571428571428,3587.1428571428573,2317.619047619048,1748.3333333333333,429.5238095238095,3631.904761904762
151,Aug 2021,14406.072709517046,3.5,1.59,855.25,6251.25,5037.5,921.0,8226.25,1308.25,16288.75,1684.75,3352.0,1532.5,1414.0,1467.25,3929.5,1357.5,472.0,3403.0,2302.5,1885.0,441.6,3882.5
152,Sep 2021,14270.022771661932,3.5,1.6,928.181818181818,6242.045454545455,5319.318181818182,980.681818181818,8348.863636363636,1434.090909090909,17901.136363636364,1877.7272727272727,3461.818181818182,1523.8636363636365,1345.6818181818182,1442.2727272727273,4176.363636363636,1367.5,476.7272727272728,3337.2727272727275,2271.3636363636365,1830.4545454545453,471.8181818181818,3908.181818181818
153,Oct 2021,14194.085704985118,3.5,1.66,1069.25,6618.75,5983.75,1108.0,8962.5,1444.75,24666.25,1842.5,3772.5,1580.25,1405.0,1461.75,4366.0,1514.75,492.4,3405.0,2336.0,1745.0,518.05,4216.0
154,Nov 2021,14285.522771661932,3.5,1.75,1106.590909090909,6377.272727272727,6072.727272727273,1142.9545454545455,8882.954545454546,1611.1363636363635,21150.0,1668.1818181818182,3772.727272727273,1666.1363636363635,1402.2727272727273,1480.6818181818182,4605.909090909091,1418.6363636363635,491.3636363636364,3323.6363636363635,2566.3636363636365,1711.590909090909,525.3636363636364,4187.272727272727
155,Dec 2021,14323.856572690218,3.5,1.87,1015.0,6428.409090909091,5778.409090909091,1026.3636363636365,8764.772727272728,1604.090909090909,20628.40909090909,1612.0454545454545,4108.636363636364,1555.6818181818182,1277.7272727272727,1473.1818181818182,4318.181818181818,1362.9545454545455,492.95454545454544,3311.818181818182,2625.909090909091,1672.7272727272727,477.27272727272725,3931.818181818182
156,Jan 2022,14339.842866443452,3.5,2.18,932.3809523809524,6408.333333333333,5615.476190476191,985.0,8736.904761904761,1677.6190476190477,20759.52380952381,1722.3809523809523,4204.285714285715,1564.5238095238096,1319.047619047619,1486.428571428571,4399.047619047619,1366.6666666666667,508.7619047619048,3423.333333333333,2763.333333333333,1743.809523809524,453.9047619047619,3649.5238095238096
157,Feb 2022,14352.955029296874,3.5,2.06,951.3888888888888,6361.111111111111,5534.722222222223,945.0,8579.166666666666,1638.0555555555557,22752.777777777777,1596.6666666666667,4329.444444444444,1571.388888888889,1210.5555555555557,1518.888888888889,4467.222222222223,1333.3333333333333,502.05555555555554,3609.444444444444,2746.6666666666665,1705.2777777777778,446.44444444444446,3408.333333333333
158,Mar 2022,14343.604364809782,3.5,2.64,1031.590909090909,5992.045454545455,6305.681818181818,994.7727272727273,7553.409090909091,1626.590909090909,27775.0,1616.3636363636365,4523.181818181818,1495.2272727272727,1033.8636363636365,1467.9545454545455,4642.727272727273,1381.3636363636365,492.9090909090909,3790.4545454545455,2715.454545454545,1712.5,490.95454545454544,3634.090909090909
159,Apr 2022,14382.047665550595,3.5,3.47,1013.6842105263158,6182.894736842105,6989.473684210527,964.7368421052632,7423.684210526316,1600.5263157894738,27361.84210526316,1541.578947368421,4626.315789473684,1511.3157894736842,1088.157894736842,1469.4736842105262,4713.684210526316,1468.157894736842,490.8421052631579,4529.473684210527,2777.894736842105,1711.578947368421,520.7368421052631,3792.631578947368
160,May 2022,14571.081809303978,3.5,3.55,995.3333333333334,6418.333333333333,7078.333333333333,916.6666666666666,8130.0,1615.3333333333333,31826.666666666668,1398.3333333333333,4244.666666666667,1509.0,995.0,1451.3333333333333,4906.333333333333,1483.3333333333333,478.6666666666667,4071.3333333333335,2886.6666666666665,1593.6666666666667,510.4,3807.3333333333335
161,Jun 2022,14681.790882457386,3.5,4.35,912.3809523809524,6934.523809523809,6926.190476190476,914.5238095238096,8915.47619047619,1641.190476190476,33051.19047619047,1463.809523809524,4115.238095238095,1468.809523809524,861.1904761904761,1417.3809523809523,4790.0,1405.4761904761904,485.8095238095238,4555.238095238095,2778.095238095238,1617.142857142857,492.5238095238095,3781.904761904762
162,Jul 2022,14980.67615327381,3.5,4.94,855.7142857142857,6984.523809523809,6126.190476190476,901.6666666666666,9332.142857142857,1683.809523809524,33957.142857142855,1485.0,4120.952380952381,1445.2380952380952,741.1904761904761,1385.4761904761904,4370.0,1287.857142857143,476.0952380952381,4824.285714285715,2807.1428571428573,1625.952380952381,449.9047619047619,3541.904761904762
163,Aug 2022,14825.069590692934,3.75,4.69,954.5454545454544,6598.863636363636,6830.681818181818,936.5909090909092,8771.59090909091,1611.1363636363635,38760.22727272727,1541.3636363636365,4552.727272727273,1484.090909090909,720.0,1377.9545454545455,4805.0,1252.5,480.3636363636364,4564.090909090909,2796.3636363636365,1590.6818181818182,483.4090909090909,3472.2727272727275
164,Sep 2022,14973.404474431818,4.25,5.95,1006.5909090909092,6222.727272727273,6948.863636363636,953.181818181818,8705.681818181818,1780.909090909091,42587.5,1501.8181818181818,4495.454545454545,1447.0454545454545,661.8181818181819,1363.6363636363635,4692.272727272727,1323.6363636363635,471.0,4228.636363636364,2733.6363636363635,1530.2272727272727,489.6818181818182,3455.0
165,Oct 2022,15409.561941964286,4.75,5.71,942.6190476190476,6180.952380952381,6535.714285714285,910.4761904761904,9142.857142857143,1925.2380952380952,43252.38095238096,1424.7619047619048,4365.238095238095,1392.857142857143,558.3333333333334,1352.3809523809523,4541.428571428572,1411.904761904762,461.04761904761904,3883.3333333333335,2702.3809523809523,1443.3333333333333,444.95238095238096,3343.809523809524
166,Nov 2022,15649.072709517046,5.25,5.42,952.2727272727273,6446.590909090909,6319.318181818182,921.818181818182,9767.045454545454,2028.636363636364,40771.59090909091,1361.3636363636365,4102.272727272727,1375.6818181818182,553.6363636363636,1362.9545454545455,5300.909090909091,1538.1818181818182,455.7272727272728,3978.636363636364,2715.454545454545,1470.0,455.0,3276.3636363636365
167,Dec 2022,15576.140935724432,5.5,5.51,975.9090909090908,6857.954545454545,5773.863636363636,920.9090909090908,10221.59090909091,2083.181818181818,40469.31818181818,1282.2727272727273,3754.5454545454554,1434.7727272727273,458.45454545454544,1382.2727272727273,5052.954545454545,1522.2727272727273,469.9090909090909,4015.4545454545455,2691.818181818182,1435.2272727272727,459.7272727272728,2964.090909090909
168,Jan 2023,15253.118208451704,5.75,5.28,920.2380952380952,6794.047619047619,5648.809523809524,912.8571428571428,10284.52380952381,2068.5714285714284,36308.333333333336,1337.142857142857,3857.619047619048,1460.2380952380952,472.0,1401.904761904762,5023.809523809524,1534.2857142857142,486.95238095238096,4360.0,2730.0,1392.857142857143,447.6190476190476,3142.8571428571427
169,Feb 2023,15137.84501953125,5.75,5.47,969.75,6655.0,5765.0,951.0,10272.5,2229.5,35430.0,1339.75,3850.5,1501.25,517.0,1406.0,5167.5,1517.75,491.4,4528.5,2742.0,1356.0,461.5,3419.0
170,Mar 2023,15287.443444293478,5.75,4.97,962.6190476190476,6226.190476190476,5940.476190476191,959.2857142857144,9777.380952380952,2121.428571428572,38339.28571428572,1185.7142857142858,4005.714285714286,1477.6190476190477,476.7142857142857,1381.190476190476,5170.238095238095,1543.3333333333333,492.6666666666667,4592.857142857143,2721.428571428572,1331.6666666666667,443.1428571428572,3205.2380952380954
171,Apr 2023,14885.25,5.75,4.33,992.1428571428572,6330.357142857143,6250.0,1013.2142857142856,10189.285714285714,2072.1428571428573,36555.357142857145,1091.7857142857142,4260.0,1388.571428571429,451.4285714285714,1388.571428571429,5503.571428571428,1536.7857142857142,503.4285714285714,4389.285714285715,2796.428571428572,1347.5,475.4285714285714,3312.1428571428573
172,May 2023,14818.756538722826,5.75,4.0,1081.904761904762,6878.571428571428,6445.238095238095,1132.857142857143,11019.047619047618,2100.0,27036.904761904763,1150.2380952380952,4086.190476190476,1527.857142857143,564.5238095238095,1426.6666666666667,4860.714285714285,1767.857142857143,513.3333333333334,4753.809523809524,2821.428571428572,1400.2380952380952,479.04761904761904,3426.6666666666665
173,Jun 2023,14935.613636363636,5.75,3.52,1130.5882352941176,7352.941176470588,6816.176470588235,1132.0588235294117,11292.64705882353,2057.6470588235293,23714.70588235294,1243.529411764706,4030.5882352941176,1754.7058823529412,663.8235294117648,1589.7058823529412,4827.64705882353,1796.1764705882354,522.0588235294117,4754.705882352941,2782.9411764705883,1222.6470588235295,491.05882352941177,3710.5882352941176
174,Jul 2023,15044.076171875,5.75,3.08,1089.75,7322.5,6688.75,1133.0,11451.25,1982.75,26051.25,1344.5,3896.0,1952.25,713.0,1798.75,4716.5,1967.0,543.0,4577.5,2961.0,1375.25,489.9,3855.0
175,Aug 2023,15251.617399796196,5.75,3.27,1118.409090909091,7052.272727272727,6657.954545454545,1157.7272727272727,11356.818181818182,1841.136363636364,28212.5,1313.409090909091,3750.4545454545455,1879.5454545454545,720.6818181818181,1766.590909090909,4412.272727272727,2069.090909090909,590.0,4800.454545454545,2714.5454545454545,1592.9545454545455,471.0,3773.636363636364
176,Sep 2023,15361.919038318452,5.75,2.28,1052.0,6802.5,6342.5,1053.0,11103.75,1777.5,29411.25,1237.75,3742.0,1675.0,754.75,1805.25,4400.0,2003.75,621.0,4627.0,2687.5,1581.5,442.7,4409.0
177,Oct 2023,15734.050026633522,6.0,2.56,1032.0454545454545,6752.272727272727,5906.818181818182,1034.7727272727273,10806.818181818182,1772.9545454545455,27271.590909090908,1269.090909090909,3695.909090909091,1664.7727272727273,801.8181818181819,1750.4545454545455,4334.090909090909,2203.181818181818,670.9090909090909,4695.0,2645.909090909091,1593.409090909091,418.27272727272725,4343.636363636364
178,Nov 2023,15558.590864701704,6.0,2.86,1127.7272727272727,6405.681818181818,5721.590909090909,1036.3636363636365,10542.045454545454,1611.1363636363635,25184.090909090908,1204.5454545454545,3602.7272727272725,1696.1363636363635,812.0454545454545,1791.3636363636365,3932.272727272728,1918.1818181818185,732.0454545454545,4566.818181818182,2599.5454545454545,1730.2272727272727,417.1818181818182,4522.272727272727
179,Dec 2023,15460.961960565475,6.0,2.61,1139.7368421052631,6373.684210526316,5632.894736842105,1042.1052631578948,10594.736842105263,1629.2105263157894,24482.894736842107,1196.3157894736842,3928.947368421053,1620.0,709.7368421052631,1791.0526315789473,3822.105263157895,1906.0526315789475,699.4736842105264,4566.315789473684,2582.6315789473683,1483.421052631579,423.6842105263158,4801.052631578948
